ESM,HSPC,CHOL,PEG,TFR,FRR,AQUEOUS,SIZE,PDI
15.0,0.0,5.0,0.0,0.25,3.0,MQ,180.646,0.132
0.0,9.576,3.192,3.192,2.17,1.6,MQ,100.593,0.152
0.0,10.056,3.3520000000000003,3.3520000000000003,0.25,7.0,MQ,124.162,0.316
0.0,9.576,3.192,3.192,1.375,1.0,MQ,157.64,0.409
0.0,11.25,0.0,3.75,1.0,50.0,MQ,141.591,0.597
2.437034408632514,0.0,1.0310812245632734,1.918327084973226,2.5,2.5,PBS,124.961785350713,0.187131611317078
0.0,10.056,3.3520000000000003,3.3520000000000003,1.37,7.0,MQ,73.901,0.327
0.0,9.576,3.192,3.192,1.375,3.0,MQ,80.541,0.212
24.779,0.0,10.121,0.0,1.375,3.0,MQ,158.912,0.087
0.0,10.972990928305936,1.5466218368449105,5.754981254919678,1.0,2.5,PBS,138.8,0.236
3.6555516129487713,0.0,0.5155406122816367,0.9591635424866132,1.0,2.5,PBS,220.676299240302,0.299704979424076
0.0,11.5644,1.3408000000000002,3.8548,0.71,2.0,MQ,87.575,0.327
0.0,13.943547534248028,8.598257683523885,12.8,2.5,4.0,PBS,97.7,0.262
17.973017787506805,0.0,2.0269822124931967,0.0,2.0439290021890306,4.189207115002722,MQ,184.984,0.149
0.0,10.056,3.3520000000000003,3.3520000000000003,1.37,7.0,MQ,72.999,0.295
0.0,13.943547534248028,8.598257683523885,12.8,2.5,8.0,PBS,81.3,0.235
0.0,8.547600000000001,5.363200000000001,2.8492,0.71,2.0,MQ,96.056,0.164
12.026982212493198,0.0,7.973017787506802,0.0,0.7060709978109694,4.189207115002722,MQ,107.586,0.059
24.779,0.0,10.121,0.0,2.17,4.4,MQ,125.978,0.027
24.779,0.0,10.121,0.0,1.375,3.0,MQ,139.883,0.062
17.973017787506805,0.0,2.0269822124931967,0.0,2.0439290021890306,1.8107928849972788,MQ,4941.821,1.0
24.779,0.0,10.121,0.0,0.58,1.6,MQ,189.764,0.195
24.779,0.0,10.121,0.0,2.17,4.4,MQ,117.314,0.046
16.258078863117323,0.0,6.878606146819108,12.79764984945341,2.5,6.0,PBS,96.0,0.274
0.0,8.547600000000001,5.363200000000001,2.8492,2.5,3.467368504525317,MQ,57.03,0.219
24.779,0.0,10.121,0.0,2.17,1.6,MQ,303.927,0.274
0.0,9.576,3.192,3.192,2.17,1.727,MQ,96.467,0.2
20.0,0.0,20.0,0.0,0.25,50.0,PBS,122.961,0.236
0.0,9.576,3.192,3.192,0.25,3.0,MQ,148.899,0.356
0.0,10.056,3.3520000000000003,3.3520000000000003,1.37,1.0,MQ,139.797,0.387
0.0,10.056,3.3520000000000003,3.3520000000000003,1.37,7.0,MQ,76.425,0.288
24.779,0.0,10.121,0.0,0.58,4.4,MQ,159.526,0.071
15.0,0.0,5.0,0.0,2.5,3.0,MQ,147.238,0.042
0.0,13.943547534248028,8.598257683523885,12.8,2.5,8.0,PBS,92.9,0.248
19.509694635740782,0.0,5.15895461011433,12.79764984945341,2.5,8.0,PBS,77.0,0.17
15.0,0.0,5.0,0.0,1.375,3.0,MQ,162.092,0.065
5.0,0.0,0.0,0.0,0.25,50.0,MQ,109.153,0.284
0.0,10.056,3.3520000000000003,3.3520000000000003,1.37,50.0,MQ,81.069,0.312
16.258078863117323,0.0,6.878606146819108,12.79764984945341,2.5,6.0,PBS,94.0,0.244
0.0,3.0,1.0,1.0,0.25,3.0,MQ,117.567,0.327
0.0,10.056,3.3520000000000003,3.3520000000000003,2.5,7.0,MQ,77.533,0.291
20.0,0.0,0.0,0.0,0.25,3.0,PBS,6478.919,1.0
0.0,10.056,3.3520000000000003,3.3520000000000003,1.37,7.0,MQ,76.921,0.273
0.0,10.056,3.3520000000000003,3.3520000000000003,1.37,7.0,MQ,81.85,0.335
3.6555516129487713,0.0,0.5155406122816367,0.9591635424866132,1.0,5.0,PBS,4006.80506004553,0.454017231032364
0.0,9.576,3.192,3.192,1.375,3.0,MQ,155.532,0.297
24.779,0.0,10.121,0.0,1.375,3.0,MQ,146.755,0.081
20.0,0.0,20.0,0.0,0.25,3.0,MQ,108.176,0.106
24.779,0.0,10.121,0.0,1.375,3.0,MQ,161.035,0.061
0.0,9.576,3.192,3.192,2.5,3.0,MQ,66.672,0.27
0.0,9.576,3.192,3.192,2.5,3.0,MQ,68.868,0.23
0.0,9.576,3.192,3.192,2.17,1.727,MQ,83.115,0.203
0.0,3.75,0.0,1.25,1.0,3.0,PBS,77.448,0.233
0.0,11.5644,1.3408000000000002,3.8548,0.71,23.0,MQ,104.721,0.372
0.0,9.576,3.192,3.192,1.375,3.0,MQ,83.866,0.251
15.0,0.0,5.0,0.0,1.375,3.0,MQ,175.564,0.162
0.0,9.576,3.192,3.192,1.375,3.0,MQ,76.14,0.247
0.0,11.5644,1.3408000000000002,3.8548,2.04,23.0,MQ,94.499,0.355
4.95,0.0,3.05,0.0,2.0,7.0,PBS,98.0,0.152
17.973017787506805,0.0,2.0269822124931967,0.0,2.0439290021890306,4.189207115002722,MQ,198.087,0.236
15.0,0.0,5.0,0.0,1.375,3.0,MQ,127.517,0.042
0.0,10.056,3.3520000000000003,3.3520000000000003,2.5,7.0,MQ,74.457,0.285
15.0,0.0,5.0,0.0,1.375,3.0,MQ,181.41,0.143
10.0,0.0,10.0,0.0,1.375,3.0,MQ,85.607,0.066
5.0,0.0,0.0,0.0,1.0,3.0,PBS,2254.269,1.0
12.026982212493198,0.0,7.973017787506802,0.0,2.0439290021890306,4.189207115002722,MQ,84.319,0.059
0.0,3.0,1.0,1.0,1.0,3.0,PBS,73.088,0.238
0.0,12.570000000000002,0.0,4.19,1.37,7.0,MQ,86.352,0.269
10.235544516256562,0.0,1.5466218368449105,5.754981254919678,1.0,2.5,PBS,843.290836894877,0.238162474080819
20.0,0.0,0.0,0.0,1.375,3.0,MQ,4813.381,1.0
0.0,7.837850663075668,3.093243673689821,5.754981254919678,1.0,5.0,PBS,91.5,0.204
13.006463090493858,0.0,8.598257683523885,12.79764984945341,2.5,4.0,PBS,94.0,0.179
24.779,0.0,10.121,0.0,0.58,4.4,MQ,157.882,0.088
0.0,15.77363814811808,7.695440626753877,12.79764984945341,2.5,8.0,PBS,98.3,0.242
0.0,9.576,3.192,3.192,0.58,4.4,MQ,102.589,0.262
0.0,7.542000000000001,6.704000000000001,2.514,1.37,7.0,MQ,67.366,0.273
16.508429893545436,0.0,0.0,0.0,0.4245785053227282,3.0,PBS,5495.541556651116,1.0
12.27649569491894,0.0,8.095549836950457,11.638100426194946,2.4546967827335897,4.271819303598463,PBS,94.36242573813128,0.1765536262676138
0.0,9.754197147078887,4.955490329641701,8.27991784639621,1.927579013999631,5.901123051331981,PBS,145.00050791613992,0.2640210274793737
4.485799592732462,0.0,0.197174689152327,0.3668435984102959,1.0,3.7649239825343255,PBS,2924.547431292521,0.7911823429830787
0.0,3.012576835644909,0.9832308858067882,1.0041922785483028,1.0,3.0,PBS,73.1611133378824,0.2379161544290339
0.0,13.943547534248028,8.598257683523885,12.8,2.5,8.0,PBS,86.71444956167657,0.2410679176122237
3.529290562369031,0.0,1.1032876330303478,2.4556873075093257,2.2899106101044806,2.5,PBS,225.57066013947315,0.1942789731996622
0.0,11.991602272866045,6.838346204611276,10.547760616690042,2.0204613078816696,4.31969246141222,PBS,95.71790673924424,0.2434578372380912
3.8453859182652703,0.0,0.464501320385595,0.8642049168133522,1.6757488779543146,2.7747503740152286,PBS,1295.017692587145,0.6338033989486559
4.966002360976436,0.0,0.0136772523964994,0.0254465342740898,1.0198974417397997,2.993367519420066,PBS,2226.0238225002536,0.9892173323960376
0.0,0.4530140075300863,3.0524994084170087,0.3326278126009399,1.9422017556848528,6.8844035113697055,PBS,97.62431141195154,0.1550055087043876
0.0,6.888533626724234,8.20398683770241,12.79764984945341,2.5,5.746847128617842,PBS,95.8778606632642,0.206512842275731
0.0,14.648894657976951,8.250297091070207,12.799094213195891,2.5,8.0,PBS,87.85208054317857,0.2376979155177794
0.0,0.2226261967763497,1.151900672501906,2.092066619312417,2.5,2.5239493783303213,PBS,124.52651680983016,0.1883269788941105
0.0,12.533779825573856,7.327183938689771,11.173348670368654,2.1536592615667765,7.307318523133553,PBS,83.65511702134592,0.2278422914057133
17.646517566540492,0.0,0.3727752489915508,1.387097038937977,0.4307690995195088,2.879487266986994,PBS,5120.589095638272,0.8163777552792256
4.154052121277561,0.0,2.4105347712909566,0.6076041706362358,2.158368240587271,5.574685834714562,PBS,106.53978101816814,0.163127462946563
0.0,3.0567879544002112,3.066865177268788,2.244461923817041,1.609996657782621,6.219993315565242,PBS,95.46497827558704,0.1722801737953037
0.0,6.530457291422568,3.724661395130763,6.9297342114438205,1.2502076323957536,5.166805088263835,PBS,92.25062289718726,0.2156763561784684
0.0,12.885035511753744,7.643882837153571,11.57864276630339,2.239953019738342,7.479906039476684,PBS,92.65728948508912,0.240371955245658
3.4197562596033317,0.0,1.820600827526583,1.1681449295993924,2.3044696962133795,4.259772734079584,PBS,114.41809319020388,0.1733930220503945
0.0,3.0666146707947664,0.55582006775359,1.022204890264922,1.1822360877880622,3.7289443511522498,PBS,81.19331607622026,0.2182388768891669
0.0,8.288573903007979,1.2943795802198033,4.581739173376431,1.0,3.111596474205869,PBS,1085.0633027737226,0.289335427926208
0.0,13.943547534248028,8.598257683523885,12.8,2.5,8.0,PBS,86.23180814409844,0.2405270263683861
19.22189869647499,0.0,17.271515543021135,2.6611645905001686,0.7178687414534248,40.85056683379969,PBS,117.35468482741076,0.2439017831889911
0.0,3.4257752458649935,0.4322996721800085,1.141925081954998,1.0,3.0,PBS,75.56317342929516,0.2351614983609
3.861592855085548,0.0,0.547827160211822,1.1093363850795777,1.0,4.921716768861104,PBS,3907.745013988694,0.4472581079000168
0.0,8.800812021367229,3.961468199108491,6.866087974282482,1.2365728381075023,5.473145676215005,PBS,89.89130470086899,0.208889171987555
0.0,11.40700388601755,5.163100775912121,8.922450565264663,1.6746312000546486,6.349262400109297,PBS,94.5583281069144,0.2210906570680511
11.789688831629384,0.0,5.365731524345541,7.74065549117331,2.3024248819990927,6.395150236001815,PBS,95.58060094400726,0.207646178287833
16.01960167435033,0.0,7.004727340960482,12.79764984945341,2.5,5.853317731587588,PBS,94.0,0.2392328262765966
3.6555516129487713,0.0,0.5155406122816367,0.9591635424866132,1.0,3.1818200103589476,PBS,1253.259639605314,0.3417902518201062
17.386124407233492,0.0,6.282027279861759,12.79764984945341,2.5,6.693836924776658,PBS,82.5511930696992,0.1729388669192525
14.861327715068471,0.0,7.61729282633366,12.79764984945341,2.5,5.140887948810799,PBS,95.1408879488108,0.2331921775685129
0.0,5.715109610414299,1.0525630389035694,3.456989711960427,1.0,3.697914349935441,PBS,1992.2155068205748,0.3404663878347436
0.0,0.1164839269519526,2.9704026499161653,0.0388279756506508,1.9611720243493491,6.8446880973973965,PBS,97.03271747059098,0.1553392059059559
